phase,ms,frame_ms,fov,expected_fov
zoom-in,0.000,0.000,23.54953,23.54953
zoom-in,27.167,27.167,21.33052,21.33052
zoom-in,51.888,24.721,19.96987,19.96987
zoom-in,64.869,12.982,19.42755,19.42755
zoom-in,74.146,9.277,19.09612,19.09612
zoom-in,86.820,12.674,18.70647,18.70647
zoom-in,96.750,9.930,18.44457,18.44457
zoom-in,106.635,9.885,18.21615,18.21615
zoom-in,120.415,13.781,17.94349,17.94349
zoom-in,133.625,13.210,17.72424,17.72424
zoom-in,142.678,9.053,17.59413,17.59413
zoom-in,151.130,8.452,17.48551,17.48551
zoom-in,161.236,10.107,17.37004,17.37004
zoom-in,169.322,8.085,17.28770,17.28770
zoom-in,181.495,12.173,17.17848,17.17848
zoom-in,190.948,9.453,17.10440,17.10440
zoom-in,199.853,8.906,17.04215,17.04215
zoom-in,210.471,10.618,16.97636,16.97637
zoom-in,220.210,9.739,16.92315,16.92315
zoom-in,233.213,13.002,16.86136,16.86136
zoom-in,243.774,10.562,16.81793,16.81793
zoom-in,252.958,9.184,16.78447,16.78447
zoom-in,261.981,9.023,16.75505,16.75505
zoom-in,271.108,9.127,16.72841,16.72841
zoom-in,284.410,13.302,16.69452,16.69452
zoom-in,295.126,10.716,16.67092,16.67092
zoom-in,307.140,12.015,16.64787,16.64787
zoom-in,325.319,18.179,16.61878,16.61879
zoom-in,338.188,12.869,16.60173,16.60174
zoom-in,355.691,17.503,16.58241,16.58241
zoom-in,368.984,13.293,16.57024,16.57024
zoom-in,383.140,14.157,16.55924,16.55924
zoom-in,394.075,10.934,16.55195,16.55195
zoom-in,402.449,8.375,16.54697,16.54697
zoom-in,413.741,11.292,16.54101,16.54101
zoom-in,425.609,11.868,16.53556,16.53556
zoom-in,443.104,17.495,16.52882,16.52882
zoom-in,451.118,8.014,16.52618,16.52618
zoom-in,459.888,8.770,16.52356,16.52356
zoom-in,469.429,9.541,16.52101,16.52101
zoom-in,481.154,11.725,16.51825,16.51825
zoom-in,492.557,11.404,16.51591,16.51591
zoom-in,505.178,12.621,16.51368,16.51368
zoom-in,515.541,10.363,16.51208,16.51208
zoom-in,525.681,10.141,16.51069,16.51069
zoom-in,542.472,16.790,16.50874,16.50874
zoom-in,552.415,9.944,16.50776,16.50776
zoom-in,561.026,8.611,16.50699,16.50700
zoom-in,569.096,8.070,16.50635,16.50635
zoom-in,582.501,13.405,16.50541,16.50541
zoom-in,591.996,9.495,16.50482,16.50482
zoom-in,600.355,8.359,16.50436,16.50436
zoom-in,608.646,8.291,16.50395,16.50395
zoom-in,617.259,8.613,16.50356,16.50356
zoom-in,625.328,8.069,16.50323,16.50323
zoom-in,638.437,13.110,16.50276,16.50276
zoom-in,646.911,8.474,16.50249,16.50249
zoom-in,655.261,8.350,16.50226,16.50226
zoom-in,663.858,8.597,16.50203,16.50203
zoom-in,671.885,8.027,16.50185,16.50185
zoom-in,682.792,10.907,16.50000,16.50000
zoom-in,688.521,5.729,16.50000,16.50000
zoom-in,696.884,8.363,16.50000,16.50000
zoom-in,705.201,8.317,16.50000,16.50000
zoom-in,713.777,8.576,16.50000,16.50000
zoom-in,725.372,11.595,16.50000,16.50000
zoom-in,739.196,13.824,16.50000,16.50000
zoom-in,747.429,8.233,16.50000,16.50000
zoom-in,757.409,9.980,16.50000,16.50000
zoom-in,765.487,8.078,16.50000,16.50000
zoom-in,773.804,8.317,16.50000,16.50000
zoom-in,786.245,12.441,16.50000,16.50000
zoom-in,793.631,7.386,16.50000,16.50000
zoom-in,803.730,10.099,16.50000,16.50000
zoom-in,812.974,9.244,16.50000,16.50000
zoom-in,820.422,7.448,16.50000,16.50000
zoom-in,831.240,10.818,16.50000,16.50000
zoom-in,838.891,7.651,16.50000,16.50000
zoom-in,847.176,8.284,16.50000,16.50000
zoom-in,855.856,8.680,16.50000,16.50000
zoom-in,864.033,8.177,16.50000,16.50000
zoom-in,872.344,8.311,16.50000,16.50000
zoom-in,884.699,12.355,16.50000,16.50000
zoom-in,893.769,9.071,16.50000,16.50000
zoom-in,904.164,10.395,16.50000,16.50000
zoom-in,924.183,20.019,16.50000,16.50000
zoom-in,937.418,13.234,16.50000,16.50000
zoom-in,944.814,7.397,16.50000,16.50000
zoom-in,955.724,10.910,16.50000,16.50000
zoom-in,964.002,8.278,16.50000,16.50000
zoom-in,972.338,8.337,16.50000,16.50000
zoom-in,983.508,11.169,16.50000,16.50000
zoom-in,990.536,7.028,16.50000,16.50000
zoom-in,1002.931,12.395,16.50000,16.50000
zoom-in,1010.983,8.052,16.50000,16.50000
zoom-in,1026.074,15.091,16.50000,16.50000
zoom-in,1037.455,11.381,16.50000,16.50000
zoom-in,1044.058,6.603,16.50000,16.50000
zoom-in,1052.451,8.393,16.50000,16.50000
zoom-in,1060.904,8.453,16.50000,16.50000
zoom-in,1069.115,8.211,16.50000,16.50000
zoom-in,1077.416,8.301,16.50000,16.50000
scroll-in,0.000,0.000,11.07376,11.07376
scroll-in,15.395,15.395,10.57957,10.57957
scroll-in,25.643,10.248,10.30768,10.30768
scroll-in,37.178,11.535,10.04596,10.04596
scroll-in,45.538,8.360,9.88120,9.88120
scroll-in,54.311,8.773,9.72769,9.72769
scroll-in,66.624,12.313,9.54105,9.54105
scroll-in,73.741,7.117,9.44648,9.44648
scroll-in,82.093,8.352,9.34638,9.34638
scroll-in,90.501,8.409,9.25617,9.25617
scroll-in,98.721,8.220,9.17707,9.17707
scroll-in,107.094,8.373,9.10474,9.10474
scroll-in,118.313,11.220,9.01928,9.01928
scroll-in,126.600,8.287,8.96359,8.96359
scroll-in,134.906,8.306,8.91336,8.91336
scroll-in,143.240,8.334,8.86799,8.86799
scroll-in,151.561,8.321,8.82720,8.82720
scroll-in,160.298,8.738,8.78870,8.78870
scroll-in,178.198,17.900,8.72179,8.72179
scroll-in,197.305,19.107,8.66498,8.66498
scroll-in,205.645,8.340,8.64408,8.64408
scroll-in,217.283,11.638,8.61826,8.61826
scroll-in,235.578,18.296,8.58443,8.58443
scroll-in,249.657,14.079,8.56308,8.56308
scroll-in,258.623,8.966,8.55127,8.55127
scroll-in,270.676,12.052,8.53729,8.53729
scroll-in,279.798,9.122,8.52799,8.52799
scroll-in,288.100,8.303,8.52037,8.52037
scroll-in,297.109,9.009,8.51293,8.51293
scroll-in,304.881,7.772,8.50712,8.50713
scroll-in,334.461,29.580,8.48941,8.48942
scroll-in,343.217,8.757,8.48527,8.48527
scroll-in,352.020,8.803,8.48153,8.48153
scroll-in,360.348,8.328,8.47834,8.47834
scroll-in,373.099,12.751,8.47402,8.47403
scroll-in,383.000,9.901,8.47111,8.47111
scroll-in,422.240,39.240,8.46242,8.46242
scroll-in,434.954,12.714,8.46038,8.46038
scroll-in,444.720,9.766,8.45901,8.45901
scroll-in,453.205,8.485,8.45794,8.45794
scroll-in,461.789,8.584,8.45697,8.45697
scroll-in,480.985,19.196,8.45512,8.45512
scroll-in,488.150,7.165,8.45453,8.45454
scroll-in,496.982,8.832,8.45388,8.45388
scroll-in,505.721,8.739,8.45329,8.45329
scroll-in,516.607,10.887,8.45264,8.45264
scroll-in,524.076,7.468,8.45224,8.45225
scroll-in,532.582,8.507,8.45183,8.45183
scroll-in,540.948,8.366,8.45147,8.45147
scroll-in,550.747,9.798,8.45108,8.45108
scroll-in,558.932,8.185,8.45079,8.45079
scroll-in,570.316,11.384,8.45044,8.45044
scroll-in,579.544,9.227,8.45018,8.45018
scroll-in,587.991,8.447,8.44997,8.44997
scroll-in,596.484,8.493,8.44978,8.44978
scroll-in,604.584,8.100,8.44961,8.44961
scroll-in,612.968,8.384,8.44946,8.44946
scroll-in,645.482,32.514,8.44899,8.44899
scroll-in,659.211,13.728,8.44800,8.44800
scroll-in,671.120,11.910,8.44800,8.44800
scroll-in,683.214,12.094,8.44800,8.44800
scroll-in,693.639,10.425,8.44800,8.44800
scroll-in,704.425,10.785,8.44800,8.44800
scroll-in,716.314,11.890,8.44800,8.44800
scroll-in,726.705,10.391,8.44800,8.44800
scroll-in,739.488,12.783,8.44800,8.44800
scroll-in,747.753,8.265,8.44800,8.44800
scroll-in,756.070,8.317,8.44800,8.44800
scroll-in,767.654,11.584,8.44800,8.44800
scroll-in,777.500,9.846,8.44800,8.44800
scroll-in,787.660,10.160,8.44800,8.44800
scroll-in,796.816,9.156,8.44800,8.44800
scroll-in,804.774,7.959,8.44800,8.44800
scroll-in,816.095,11.320,8.44800,8.44800
scroll-in,822.648,6.553,8.44800,8.44800
scroll-in,830.998,8.351,8.44800,8.44800
scroll-in,839.299,8.301,8.44800,8.44800
scroll-in,847.836,8.538,8.44800,8.44800
scroll-in,855.977,8.140,8.44800,8.44800
scroll-in,867.322,11.345,8.44800,8.44800
scroll-in,881.769,14.447,8.44800,8.44800
scroll-in,890.139,8.370,8.44800,8.44800
scroll-in,898.761,8.622,8.44800,8.44800
scroll-in,906.797,8.036,8.44800,8.44800
scroll-in,918.241,11.444,8.44800,8.44800
scroll-in,926.988,8.747,8.44800,8.44800
scroll-in,935.696,8.708,8.44800,8.44800
scroll-in,944.525,8.830,8.44800,8.44800
scroll-in,953.942,9.417,8.44800,8.44800
scroll-in,962.277,8.335,8.44800,8.44800
scroll-in,972.889,10.612,8.44800,8.44800
scroll-in,978.898,6.009,8.44800,8.44800
scroll-in,987.229,8.331,8.44800,8.44800
scroll-in,996.387,9.158,8.44800,8.44800
scroll-in,1006.098,9.710,8.44800,8.44800
scroll-in,1019.780,13.682,8.44800,8.44800
scroll-in,1025.430,5.650,8.44800,8.44800
scroll-in,1033.767,8.338,8.44800,8.44800
scroll-in,1042.295,8.528,8.44800,8.44800
scroll-in,1050.434,8.139,8.44800,8.44800
scroll-in,1058.791,8.357,8.44800,8.44800
scroll-in,1069.777,10.986,8.44800,8.44800
scroll-in,1075.592,5.815,8.44800,8.44800
scroll-in,1083.929,8.337,8.44800,8.44800
zoom-out,0.000,0.000,23.64122,23.64122
zoom-out,20.947,20.947,29.70106,29.70106
zoom-out,27.127,6.180,31.44547,31.44547
zoom-out,35.469,8.342,33.74655,33.74655
zoom-out,44.115,8.646,36.05265,36.05265
zoom-out,52.126,8.011,38.10706,38.10706
zoom-out,60.450,8.324,40.14965,40.14965
zoom-out,72.782,12.332,42.99074,42.99074
zoom-out,79.930,7.148,44.53254,44.53254
zoom-out,89.073,9.143,46.39092,46.39092
zoom-out,97.324,8.252,47.95869,47.95869
zoom-out,110.470,13.146,50.24643,50.24643
zoom-out,121.932,11.461,52.03845,52.03845
zoom-out,127.223,5.291,52.80496,52.80496
zoom-out,135.604,8.381,53.94405,53.94405
zoom-out,144.103,8.499,55.00942,55.00942
zoom-out,152.258,8.155,55.95153,55.95153
zoom-out,160.715,8.456,56.85044,56.85045
zoom-out,175.033,14.318,58.20565,58.20565
zoom-out,180.549,5.516,58.67607,58.67607
zoom-out,189.615,9.066,59.39182,59.39182
zoom-out,197.855,8.241,59.98471,59.98471
zoom-out,206.208,8.352,60.53390,60.53390
zoom-out,216.831,10.624,61.16352,61.16352
zoom-out,222.848,6.017,61.48863,61.48863
zoom-out,231.205,8.357,61.90543,61.90543
zoom-out,239.631,8.427,62.28793,62.28793
zoom-out,249.047,9.415,62.67433,62.67433
zoom-out,257.455,8.409,62.98612,62.98612
zoom-out,273.018,15.563,63.48962,63.48962
zoom-out,281.921,8.903,63.73958,63.73958
zoom-out,290.352,8.431,63.95368,63.95368
zoom-out,298.624,8.272,64.14430,64.14430
zoom-out,306.958,8.334,64.31863,64.31863
zoom-out,317.772,10.814,64.52094,64.52094
zoom-out,323.864,6.093,64.62412,64.62412
zoom-out,332.168,8.304,64.75338,64.75338
zoom-out,340.755,8.587,64.87438,64.87438
zoom-out,348.893,8.138,64.97829,64.97830
zoom-out,356.964,8.071,65.07195,65.07194
zoom-out,373.382,16.418,65.23694,65.23694
zoom-out,380.620,7.237,65.30008,65.30008
zoom-out,388.962,8.342,65.36643,65.36643
zoom-out,397.506,8.544,65.42790,65.42790
zoom-out,405.633,8.127,65.48085,65.48085
zoom-out,417.377,11.744,65.54885,65.54885
zoom-out,424.520,7.143,65.58579,65.58580
zoom-out,432.808,8.288,65.62490,65.62490
zoom-out,441.297,8.489,65.66113,65.66113
zoom-out,449.947,8.650,65.69447,65.69447
zoom-out,457.476,7.529,65.72080,65.72080
zoom-out,468.434,10.958,65.75514,65.75514
zoom-out,474.131,5.697,65.77129,65.77129
zoom-out,482.910,8.779,65.79412,65.79412
zoom-out,493.287,10.377,65.81819,65.81819
zoom-out,501.332,8.045,65.83490,65.83490
zoom-out,509.385,8.053,65.85009,65.85009
zoom-out,520.224,10.839,65.86835,65.86836
zoom-out,526.036,5.812,65.87721,65.87722
zoom-out,534.359,8.323,65.88888,65.88888
zoom-out,543.204,8.845,65.90005,65.90006
zoom-out,551.060,7.857,65.90904,65.90904
zoom-out,559.390,8.330,65.91769,65.91769
zoom-out,570.211,10.821,65.92770,65.92771
zoom-out,576.022,5.811,65.93257,65.93257
zoom-out,584.353,8.331,65.93898,65.93898
zoom-out,592.918,8.565,65.94494,65.94494
zoom-out,601.041,8.123,65.95005,65.95005
zoom-out,610.058,9.017,65.95517,65.95517
zoom-out,621.523,11.465,65.96093,65.96093
zoom-out,626.746,5.222,65.96330,65.96330
zoom-out,635.025,8.279,65.96677,65.96677
zoom-out,643.433,8.408,65.96996,65.96996
zoom-out,651.878,8.445,65.97285,65.97285
zoom-out,660.057,8.179,65.97539,65.97539
zoom-out,670.690,10.634,65.97833,65.97834
zoom-out,676.735,6.045,65.97985,65.97985
zoom-out,685.112,8.377,65.98178,65.98178
zoom-out,693.485,8.373,65.98352,65.98352
zoom-out,701.722,8.237,65.98507,65.98507
zoom-out,710.086,8.364,65.98650,65.98649
zoom-out,720.670,10.584,65.98811,65.98810
zoom-out,726.683,6.014,65.98893,65.98893
zoom-out,735.822,9.138,65.99008,65.99008
zoom-out,743.888,8.066,65.99100,65.99099
zoom-out,752.089,8.201,65.99184,65.99184
zoom-out,765.854,13.766,65.99308,65.99308
zoom-out,773.635,7.780,65.99999,65.99999
zoom-out,780.888,7.254,65.99999,65.99999
zoom-out,789.754,8.866,65.99999,65.99999
zoom-out,801.005,11.250,65.99999,65.99999
zoom-out,809.956,8.952,65.99999,65.99999
zoom-out,820.390,10.434,65.99999,65.99999
zoom-out,827.716,7.326,65.99999,65.99999
zoom-out,836.063,8.347,65.99999,65.99999
zoom-out,844.433,8.370,65.99999,65.99999
zoom-out,852.767,8.334,65.99999,65.99999
zoom-out,861.361,8.594,65.99999,65.99999
zoom-out,872.855,11.494,65.99999,65.99999
zoom-out,878.023,5.168,65.99999,65.99999
zoom-out,886.781,8.758,65.99999,65.99999
zoom-out,894.788,8.006,65.99999,65.99999
zoom-out,902.739,7.951,65.99999,65.99999
zoom-out,912.197,9.459,65.99999,65.99999
zoom-out,923.582,11.385,65.99999,65.99999
zoom-out,929.364,5.782,65.99999,65.99999
zoom-out,938.365,9.001,65.99999,65.99999
zoom-out,946.413,8.047,65.99999,65.99999
zoom-out,954.801,8.389,65.99999,65.99999
zoom-out,966.539,11.738,65.99999,65.99999
zoom-out,971.334,4.794,65.99999,65.99999
zoom-out,979.674,8.340,65.99999,65.99999
zoom-out,988.028,8.354,65.99999,65.99999
zoom-out,996.341,8.313,65.99999,65.99999
zoom-out,1009.301,12.960,65.99999,65.99999
zoom-out,1017.095,7.794,65.99999,65.99999
zoom-out,1022.873,5.778,65.99999,65.99999
zoom-out,1031.189,8.316,65.99999,65.99999
zoom-out,1039.587,8.398,65.99999,65.99999
zoom-out,1047.855,8.268,65.99999,65.99999
zoom-out,1056.226,8.371,65.99999,65.99999
zoom-out,1067.262,11.037,65.99999,65.99999
zoom-out,1073.256,5.994,65.99999,65.99999
zoom-out,1081.589,8.333,65.99999,65.99999
zoom-out,1089.988,8.398,65.99999,65.99999
zoom-out,1098.267,8.279,65.99999,65.99999
